schemes,client_count,avg_time
SecDV,20,69.43343504099175
SecDV,40,81.80178597103804
SecDV,60,91.696219984442
SecDV,80,108.47035597544163
SecDV,100,190.34877698868513
FMIV,20,99.28
FMIV,40,156.15
FMIV,60,213.52
FMIV,80,268.88
FMIV,100,326.28
PDP,20,113.76
PDP,40,172.70
PDP,60,227.00
PDP,80,282.84
PDP,100,343.34
ASDIV,20,132.37
ASDIV,40,188.73
ASDIV,60,245.61
ASDIV,80,301.98
ASDIV,100,354.2
