client_count,avg_time
20,69.43343504099175
40,81.80178597103804
60,91.696219984442
80,108.47035597544163
100,190.34877698868513


